Player,Events Played,Total Points,Average Points
Scottie Scheffler,41,579.96,14.15
Rory McIlroy,47,545.72,11.61
Xander Schauffele,40,316.44,7.91
Collin Morikawa,42,271.85,6.47
Ludvig Aberg,45,256.3,5.7
Justin Thomas,44,250.58,5.7
Hideki Matsuyama,45,235.49,5.23
Russell Henley,41,205.26,5.01
Viktor Hovland,40,172.55,4.31
Maverick McNealy,46,183.83,4.0
Tommy Fleetwood,51,188.72,3.7
Bryson DeChambeau,40,145.45,3.64
Shane Lowry,49,174.28,3.56
Justin Rose,45,159.45,3.54
Patrick Cantlay,40,139.99,3.5
Sepp Straka,52,180.72,3.48
Wyndham Clark,47,163.26,3.47
Tyrrell Hatton,40,134.61,3.37
Keegan Bradley,45,150.78,3.35
Sungjae Im,52,171.45,3.3
Robert Macintyre,52,167.62,3.22
Brian Harman,52,165.03,3.17
Corey Conners,47,147.4,3.14
Billy Horschel,52,159.71,3.07
Min Woo Lee,51,146.1,2.86
Akshay Bhatia,52,147.89,2.84
Aaron Rai,52,145.36,2.8
Sahith Theegala,52,145.21,2.79
Daniel Berger,40,111.13,2.78
J.J. Spaun,52,144.46,2.78
Thomas Detry,52,143.28,2.76
Jason Day,43,111.52,2.59
Nick Taylor,50,125.52,2.51
Andrew Novak,52,130.25,2.5
Lucas Glover,52,129.42,2.49
Harris English,47,116.63,2.48
Tom Kim,52,127.2,2.45
Sam Burns,46,112.0,2.43
Adam Scott,49,118.15,2.41
Byeong Hun An,49,117.63,2.4
Tony Finau,46,108.94,2.37
Tom Hoge,52,120.05,2.31
Denny McCarthy,47,106.16,2.26
Max Greyserman,52,116.8,2.25
Taylor Pendrith,52,116.16,2.23
J.T. Poston,52,115.93,2.23
Stephan Jaeger,52,113.95,2.19
Nick Dunlap,40,86.48,2.16
Davis Thompson,52,110.75,2.13
Nicolas Echavarria,52,109.82,2.11
Patrick Reed,40,84.47,2.11
Michael Kim,52,108.11,2.08
Mackenzie Hughes,52,104.94,2.02
Laurie Canter,40,80.46,2.01
Matthew McCarty,52,104.42,2.01
Ben Griffin,52,100.07,1.92
Rasmus Hojgaard,52,99.87,1.92
Austin Eckroat,52,99.43,1.91
Jordan Spieth,42,80.01,1.91
Matthieu Pavon,52,99.02,1.9
Christiaan Bezuidenhout,52,96.17,1.85
Cameron Davis,52,95.75,1.84
Eric Cole,52,94.4,1.82
Cameron Young,49,85.67,1.75
Joe Highsmith,51,88.85,1.74
Si Woo Kim,52,88.74,1.71
Will Zalatoris,40,66.49,1.66
Alex Noren,41,67.97,1.66
Max Homa,47,75.39,1.6
Jacob Bridgeman,52,83.4,1.6
Jhonattan Vegas,40,64.13,1.6
Jon Rahm,40,64.02,1.6
Patrick Rodgers,52,80.78,1.55
Thriston Lawrence,52,80.2,1.54
Chris Kirk,47,71.2,1.51
Max McGreevy,52,78.46,1.51
Sam Stevens,52,78.27,1.51
Rasmus Neergaard-Petersen,49,73.73,1.5
Matt Fitzpatrick,49,73.59,1.5
Ryan Gerard,52,77.9,1.5
Kevin Yu,51,75.96,1.49
Joaquin Niemann,40,59.21,1.48
Thorbjorn Olesen,52,76.56,1.47
Bud Cauley,40,58.83,1.47
Ryo Hisatsune,52,76.18,1.46
Matt Wallace,52,74.99,1.44
Taylor Moore,50,71.18,1.42
Jake Knapp,52,72.99,1.4
Nicolai Hojgaard,52,72.99,1.4
Adam Hadwin,49,68.74,1.4
Keith Mitchell,51,70.46,1.38
Beau Hossler,52,67.78,1.3
Gary Woodland,45,58.41,1.3
Justin Lower,52,67.26,1.29
Shaun Norris,52,66.7,1.28
Lee Hodges,51,65.26,1.28
Davis Riley,52,66.16,1.27
Harry Hall,52,65.92,1.27
Erik Van Rooyen,52,65.82,1.27
Luke Clanton,40,50.2,1.26
Brian Campbell,52,64.72,1.24
David Puig,40,49.78,1.24
John Parry,52,63.86,1.23
Keita Nakajima,49,59.98,1.22
Patrick Fishburn,52,63.47,1.22
Victor Perez,52,63.41,1.22
Jordan L. Smith,52,63.31,1.22
Niklas Norgaard Moller,52,63.15,1.21
Sami Valimaki,52,63.07,1.21
Kurt Kitayama,43,50.96,1.19
Doug Ghim,52,61.53,1.18
Jesper Svensson,52,60.78,1.17
Ryan Fox,52,60.12,1.16
Charley Hoffman,49,56.63,1.16
Romain Langasque,52,59.86,1.15
Matti Schmid,52,59.8,1.15
Karl Vilips,40,45.15,1.13
Kensei Hirata,52,58.39,1.12
Tom McKibbin,50,56.1,1.12
Seamus Power,50,55.77,1.12
Rico Hoey,52,56.77,1.09
Rickie Fowler,46,50.02,1.09
Matteo Manassero,52,55.53,1.07
Matthew Jordan,52,53.59,1.03
Alejandro Tosti,52,53.53,1.03
Alex Smalley,52,53.11,1.02
Chan Kim,52,52.72,1.01
Mark Hubbard,52,52.28,1.01
Aldrich Potgieter,44,44.18,1.0
Matt Kuchar,48,47.44,0.99
Cameron Smith,40,39.5,0.99
Jorge Campillo,52,50.85,0.98
Hao-Tong Li,48,46.65,0.97
Hayden Springer,43,41.63,0.97
Paul Waring,52,50.21,0.97
Neal Shipley,40,38.59,0.96
Daniel Brown,52,49.24,0.95
Vince Whaley,52,49.21,0.95
Garrick Higgo,51,48.12,0.94
Joel Dahmen,52,49.03,0.94
Julien Guerrier,51,48.02,0.94
Antoine Rozner,52,48.81,0.94
Sebastian Soderberg,47,43.3,0.92
C.T. Pan,42,38.47,0.92
Eugenio Lopez-Chacarra,40,36.58,0.91
John Catlin,47,42.98,0.91
Patton Kizzire,52,47.1,0.91
Emiliano Grillo,52,46.96,0.9
Daniel Van Tonder,52,46.79,0.9
Richard Mansell,52,46.48,0.89
Michael Thorbjornsen,40,35.75,0.89
Johannes Veerman,52,46.44,0.89
Daniel Hillier,52,46.4,0.89
John Keefer,40,35.57,0.89
Sam Ryder,52,45.85,0.88
Adam Schenk,52,45.83,0.88
Andrew Putnam,52,45.42,0.87
Joe Dean,40,34.92,0.87
Peter Uihlein,40,34.61,0.87
Chandler Phillips,52,44.96,0.86
Mac Meissner,52,44.74,0.86
Carson Young,52,44.51,0.86
Isaiah Salinda,50,42.73,0.85
Dean Burmester,40,34.04,0.85
Steven Fisk,51,43.33,0.85
Guido Migliozzi,52,43.93,0.84
Seonghyeon Kim,52,43.56,0.84
Brendon Todd,48,40.01,0.83
Adam Svensson,52,43.28,0.83
Alejandro Del Rey,52,43.07,0.83
Henrik Norlander,52,42.85,0.82
Zach Johnson,40,32.89,0.82
Ben Kohles,52,41.74,0.8
Ewen Ferguson,52,41.58,0.8
Calum Hill,52,41.46,0.8
Jacques Kruyswijk,49,38.95,0.79
Frankie Capan,52,41.27,0.79
Luke List,52,41.19,0.79
Yubin Jang,40,31.67,0.79
Ben Campbell,40,31.56,0.79
Pierceson Coody,52,40.54,0.78
Peter Malnati,52,40.19,0.77
Brice Garnett,42,32.01,0.76
Greyson Sigg,52,39.54,0.76
Adrien Saddier,52,39.49,0.76
Hank Lebioda,47,35.4,0.75
Sam Bairstow,52,38.73,0.74
Danny Walker,48,35.17,0.73
David Lipsky,52,38.04,0.73
Takumi Kanaya,52,37.56,0.72
Kyoung-Hoon Lee,52,37.42,0.72
William Mouw,45,32.11,0.71
Harry Higgs,51,36.0,0.71
Rikuya Hoshino,52,36.59,0.7
Kevin Roy,52,36.51,0.7
Frederic Lacroix,51,35.71,0.7
Brandon Robinson-Thompson,48,33.15,0.69
Joost Luiten,52,35.43,0.68
Justin Suh,52,35.26,0.68
Nate Lashley,52,35.13,0.68
